{
  "Link Color" : {
    "Red Component" : 0.27058823529411763,
    "Color Space" : "sRGB",
    "Blue Component" : 0.52941176470588236,
    "Alpha Component" : 1,
    "Green Component" : 0.51764705882352946
  },
  "Tags" : [

  ],
  "Ansi 12 Color" : {
    "Red Component" : 0.05438985675573349,
    "Color Space" : "Calibrated",
    "Blue Component" : 0.39446473121643066,
    "Alpha Component" : 1,
    "Green Component" : 0.3268389105796814
  },
  "Ansi 7 Color" : {
    "Red Component" : 0.40959125757217407,
    "Color Space" : "Calibrated",
    "Blue Component" : 0.31861674785614014,
    "Alpha Component" : 1,
    "Green Component" : 0.360250324010849
  },
  "Ansi 8 Color" : {
    "Red Component" : 0.49889594316482544,
    "Color Space" : "Calibrated",
    "Blue Component" : 0.37962067127227783,
    "Alpha Component" : 1,
    "Green Component" : 0.43934443593025208
  },
  "Bold Color" : {
    "Red Component" : 0.23529411764705882,
    "Color Space" : "sRGB",
    "Blue Component" : 0.20784313725490197,
    "Alpha Component" : 1,
    "Green Component" : 0.21568627450980393
  },
  "Ansi 9 Color" : {
    "Red Component" : 0.5389401912689209,
    "Color Space" : "Calibrated",
    "Blue Component" : 0.034902941435575485,
    "Alpha Component" : 1,
    "Green Component" : 0
  },
  "Horizontal Spacing" : 1,
  "Right Option Key Sends" : 2,
  "Rows" : 25,
  "Default Bookmark" : "No",
  "Cursor Guide Color" : {
    "Red Component" : 0.90061241388320923,
    "Color Space" : "Calibrated",
    "Blue Component" : 0.63873869180679321,
    "Alpha Component" : 1,
    "Green Component" : 0.82989895343780518
  },
  "Non-ASCII Anti Aliased" : true,
  "Use Bright Bold" : true,
  "Show Mark Indicators" : false,
  "Ansi 10 Color" : {
    "Red Component" : 0.3988109827041626,
    "Color Space" : "Calibrated",
    "Blue Component" : 0.052511699497699738,
    "Alpha Component" : 1,
    "Green Component" : 0.3858717679977417
  },
  "Use Cursor Guide" : false,
  "Ambiguous Double Width" : false,
  "Jobs to Ignore" : [
    "rlogin",
    "ssh",
    "slogin",
    "telnet"
  ],
  "Ansi 15 Color" : {
    "Red Component" : 0.17867125570774078,
    "Color Space" : "Calibrated",
    "Blue Component" : 0.15993706881999969,
    "Alpha Component" : 1,
    "Green Component" : 0.16613791882991791
  },
  "Foreground Color" : {
    "Red Component" : 0.17867125570774078,
    "Color Space" : "Calibrated",
    "Blue Component" : 0.15993706881999969,
    "Alpha Component" : 1,
    "Green Component" : 0.16613791882991791
  },
  "Working Directory" : "\/Users\/szylles1",
  "Blinking Cursor" : false,
  "Disable Window Resizing" : true,
  "Sync Title" : false,
  "Prompt Before Closing 2" : false,
  "BM Growl" : false,
  "Command" : "",
  "Description" : "Default",
  "Smart Cursor Color" : false,
  "Mouse Reporting" : true,
  "Screen" : -1,
  "Selection Color" : {
    "Red Component" : 0.92156862745098034,
    "Color Space" : "sRGB",
    "Blue Component" : 0.69803921568627447,
    "Alpha Component" : 1,
    "Green Component" : 0.85882352941176465
  },
  "Only The Default BG Color Uses Transparency" : false,
  "Columns" : 80,
  "Idle Code" : 0,
  "Ansi 13 Color" : {
    "Red Component" : 0.48193711042404175,
    "Color Space" : "Calibrated",
    "Blue Component" : 0.36767596006393433,
    "Alpha Component" : 1,
    "Green Component" : 0.170136958360672
  },
  "Title Components" : 2,
  "Custom Command" : "No",
  "ASCII Anti Aliased" : true,
  "Non Ascii Font" : "Monaco 12",
  "Vertical Spacing" : 1,
  "Left Option Key Changeable" : true,
  "Use Bold Font" : true,
  "Selected Text Color" : {
    "Red Component" : 0.23529411764705882,
    "Color Space" : "sRGB",
    "Blue Component" : 0.20784313725490197,
    "Alpha Component" : 1,
    "Green Component" : 0.21568627450980393
  },
  "Option Key Sends" : 2,
  "Background Color" : {
    "Red Component" : 0.97939503192901611,
    "Color Space" : "Calibrated",
    "Blue Component" : 0.73338055610656738,
    "Alpha Component" : 1,
    "Green Component" : 0.93639552593231201
  },
  "Ansi 11 Color" : {
    "Red Component" : 0.64596939086914062,
    "Color Space" : "Calibrated",
    "Blue Component" : 0.068556100130081177,
    "Alpha Component" : 1,
    "Green Component" : 0.38748690485954285
  },
  "Character Encoding" : 4,
  "Thin Strokes" : 0,
  "Use Italic Font" : true,
  "Unlimited Scrollback" : false,
  "Keyboard Map" : {
    "0xf728-0x80000" : {
      "Text" : "d",
      "Action" : 10
    },
    "0xf702-0x280000" : {
      "Text" : "b",
      "Action" : 10
    },
    "0xf70d-0x20000" : {
      "Text" : "[21;2~",
      "Action" : 10
    },
    "0x7f-0x80000" : {
      "Text" : "0x1b 0x7f",
      "Action" : 11
    },
    "0xf708-0x20000" : {
      "Text" : "[15;2~",
      "Action" : 10
    },
    "0x33-0x40000" : {
      "Text" : "0x1b",
      "Action" : 11
    },
    "0xf703-0x260000" : {
      "Text" : "[1;6C",
      "Action" : 10
    },
    "0xf729-0x20000" : {
      "Text" : "[1;2H",
      "Action" : 10
    },
    "0xf702-0x260000" : {
      "Text" : "[1;6D",
      "Action" : 10
    },
    "0x38-0x40000" : {
      "Text" : "0x7f",
      "Action" : 11
    },
    "0xf72b-0x40000" : {
      "Text" : "[1;5F",
      "Action" : 10
    },
    "0xf70c-0x20000" : {
      "Text" : "[20;2~",
      "Action" : 10
    },
    "0xf701-0x260000" : {
      "Text" : "[1;6B",
      "Action" : 10
    },
    "0x32-0x40000" : {
      "Text" : "0x00",
      "Action" : 11
    },
    "0xf707-0x20000" : {
      "Text" : "[1;2S",
      "Action" : 10
    },
    "0xf703-0x240000" : {
      "Text" : "[1;5C",
      "Action" : 10
    },
    "0xf700-0x260000" : {
      "Text" : "[1;6A",
      "Action" : 10
    },
    "0xf702-0x240000" : {
      "Text" : "[1;5D",
      "Action" : 10
    },
    "0xf703-0x300000" : {
      "Text" : "0x5",
      "Action" : 11
    },
    "0x37-0x40000" : {
      "Text" : "0x1f",
      "Action" : 11
    },
    "0x3-0x200000" : {
      "Text" : "0xd",
      "Action" : 11
    },
    "0xf701-0x240000" : {
      "Text" : "[1;5B",
      "Action" : 10
    },
    "0xf702-0x300000" : {
      "Text" : "0x1",
      "Action" : 11
    },
    "0xf703-0x220000" : {
      "Text" : "[1;2C",
      "Action" : 10
    },
    "0xf739-0x0" : {
      "Text" : "",
      "Action" : 13
    },
    "0xf70b-0x20000" : {
      "Text" : "[19;2~",
      "Action" : 10
    },
    "0xf728-0x0" : {
      "Text" : "0x4",
      "Action" : 11
    },
    "0xf706-0x20000" : {
      "Text" : "[1;2R",
      "Action" : 10
    },
    "0xf700-0x240000" : {
      "Text" : "[1;5A",
      "Action" : 10
    },
    "0xf702-0x220000" : {
      "Text" : "[1;2D",
      "Action" : 10
    },
    "0x36-0x40000" : {
      "Text" : "0x1e",
      "Action" : 11
    },
    "0xf70f-0x20000" : {
      "Text" : "[24;2~",
      "Action" : 10
    },
    "0xf701-0x220000" : {
      "Text" : "[1;2B",
      "Action" : 10
    },
    "0xf70a-0x20000" : {
      "Text" : "[18;2~",
      "Action" : 10
    },
    "0xf729-0x40000" : {
      "Text" : "[1;5H",
      "Action" : 10
    },
    "0xf72b-0x20000" : {
      "Text" : "[1;2F",
      "Action" : 10
    },
    "0xf700-0x220000" : {
      "Text" : "[1;2A",
      "Action" : 10
    },
    "0x30-0x200000" : {
      "Text" : "0",
      "Action" : 12
    },
    "0xf705-0x20000" : {
      "Text" : "[1;2Q",
      "Action" : 10
    },
    "0x31-0x200000" : {
      "Text" : "1",
      "Action" : 12
    },
    "0x33-0x200000" : {
      "Text" : "3",
      "Action" : 12
    },
    "0x35-0x40000" : {
      "Text" : "0x1d",
      "Action" : 11
    },
    "0x34-0x200000" : {
      "Text" : "4",
      "Action" : 12
    },
    "0x32-0x200000" : {
      "Text" : "2",
      "Action" : 12
    },
    "0x35-0x200000" : {
      "Text" : "5",
      "Action" : 12
    },
    "0x36-0x200000" : {
      "Text" : "6",
      "Action" : 12
    },
    "0x37-0x200000" : {
      "Text" : "7",
      "Action" : 12
    },
    "0x2d-0x40000" : {
      "Text" : "0x1f",
      "Action" : 11
    },